gene_symbol,chembl_target_id,max_phase
TOP1,CHEMBL1781,3.0
CDK7,CHEMBL3055,3.0
NQO1,CHEMBL3623,3.0
CA9,CHEMBL3594,3.0
MAP2K1,CHEMBL3587,3.0
PTGER3,CHEMBL3710,3.0
FGFR1,CHEMBL3650,3.0
IL13,CHEMBL3580486,3.0
MUC16,CHEMBL3580482,3.0
MSTN,CHEMBL3407325,3.0
IL17A,CHEMBL3390822,3.0
CD19,CHEMBL3390821,3.0
CYP17A1,CHEMBL3522,3.0
TYK2,CHEMBL3553,3.0
ENPEP,CHEMBL3439,3.0
AVPR2,CHEMBL1790,3.0
FDFT1,CHEMBL3338,3.0
HTR6,CHEMBL3371,3.0
PLA2G2A,CHEMBL3474,3.0
CETP,CHEMBL3572,3.0
PLA2G7,CHEMBL3514,3.0
PDCD1,CHEMBL3307223,3.0
ANGPT1,CHEMBL3217395,3.0
TGFB2,CHEMBL3217393,3.0
PDGFB,CHEMBL3108633,3.0
MMP2,CHEMBL333,3.0
MMP1,CHEMBL332,3.0
ENPP2,CHEMBL3691,3.0
SOST,CHEMBL3580487,3.0
VEGFB,CHEMBL3580488,3.0
TNFSF4,CHEMBL3712900,3.0
CD47,CHEMBL3714583,3.0
VEGFC,CHEMBL3714157,3.0
IL13RA2,CHEMBL3713941,3.0
ELN,CHEMBL3713712,3.0
BMP10,CHEMBL3713453,3.0
TNFSF13,CHEMBL3713436,3.0
MUC5AC,CHEMBL3713020,3.0
IFNA2,CHEMBL3713000,3.0
CSF2,CHEMBL3712955,3.0
ICOS,CHEMBL3712953,3.0
CCN2,CHEMBL3712901,3.0
MET,CHEMBL3717,3.0
ANGPT2,CHEMBL3580489,3.0
ENG,CHEMBL3712885,3.0
CEACAM5,CHEMBL3712881,3.0
TNFRSF9,CHEMBL3712857,3.0
CD6,CHEMBL3712853,3.0
INHBA,CHEMBL3588735,3.0
CD274,CHEMBL3580522,3.0
IL1A,CHEMBL3580496,3.0
MUC1,CHEMBL3580494,3.0
EPCAM,CHEMBL3580493,3.0
BSG,CHEMBL3580492,3.0
CD40LG,CHEMBL3580491,3.0
CDK4,CHEMBL331,3.0
SELL,CHEMBL3161,3.0
FN1,CHEMBL3810,3.0
MMP9,CHEMBL321,3.0
DPP4,CHEMBL284,3.0
MMP3,CHEMBL283,3.0
MAP2K2,CHEMBL2964,3.0
KDR,CHEMBL279,3.0
JAK2,CHEMBL2971,3.0
JAK1,CHEMBL2835,3.0
ITGB7,CHEMBL2979,3.0
PLK1,CHEMBL3024,3.0
ACP3,CHEMBL2633,3.0
CCR5,CHEMBL274,3.0
CTSK,CHEMBL268,3.0
CD4,CHEMBL2754,3.0
SRC,CHEMBL267,3.0
GRM3,CHEMBL2888,3.0
SYK,CHEMBL2599,3.0
CXCR2,CHEMBL2434,3.0
APP,CHEMBL2487,3.0
CHRNA7,CHEMBL2492,3.0
MPO,CHEMBL2439,3.0
CDK6,CHEMBL2508,3.0
KCNQ2,CHEMBL2476,3.0
CA1,CHEMBL261,3.0
MAPK14,CHEMBL260,3.0
ADORA3,CHEMBL256,3.0
ADORA2A,CHEMBL251,3.0
REN,CHEMBL286,3.0
PTK2,CHEMBL2695,3.0
F11,CHEMBL2820,3.0
ERBB4,CHEMBL3009,3.0
SLC9A3,CHEMBL3273,3.0
CDK1,CHEMBL308,3.0
FGF2,CHEMBL3107,3.0
CD22,CHEMBL3218,3.0
PARP1,CHEMBL3105,3.0
PRKCB,CHEMBL3045,3.0
CDK9,CHEMBL3116,3.0
PIK3CD,CHEMBL3130,3.0
DPYD,CHEMBL3172,3.0
F8,CHEMBL3143,3.0
SLC10A2,CHEMBL2778,3.0
TERT,CHEMBL2916,3.0
PDE4D,CHEMBL288,3.0
PCSK9,CHEMBL2929,3.0
MAP3K9,CHEMBL2872,3.0
KCNQ5,CHEMBL2925,3.0
FGFR3,CHEMBL2742,3.0
P2RX3,CHEMBL2998,3.0
NTRK1,CHEMBL2815,3.0
MAP3K10,CHEMBL2873,3.0
MAP3K11,CHEMBL2708,3.0
CDK2,CHEMBL301,3.0
MAPK10,CHEMBL2637,3.0
MTOR,CHEMBL2842,3.0
MC1R,CHEMBL3795,3.0
CALCRL,CHEMBL3798,3.0
EDNRA,CHEMBL252,3.0
TNFRSF13C,CHEMBL4630882,3.0
NTRK2,CHEMBL4898,3.0
BCL2,CHEMBL4860,3.0
EPHB4,CHEMBL5147,3.0
PTGDR2,CHEMBL5071,3.0
ATR,CHEMBL5024,3.0
GRM2,CHEMBL5137,3.0
GABRA2,CHEMBL4956,3.0
BACE1,CHEMBL4822,3.0
ITGB6,CHEMBL4876,3.0
FLNA,CHEMBL4804243,3.0
ROR1,CHEMBL4665585,3.0
WT1,CHEMBL4662942,3.0
MAGEA3,CHEMBL4662941,3.0
FCGR2B,CHEMBL4662940,3.0
IDO1,CHEMBL4685,3.0
CD38,CHEMBL4660,3.0
BCL2L2-PABPN1,CHEMBL4677,3.0
BCL2L2,CHEMBL4677,3.0
FAP,CHEMBL4683,3.0
AURKA,CHEMBL4722,3.0
HCRTR2,CHEMBL4792,3.0
TRPV1,CHEMBL4794,3.0
KLRC1,CHEMBL4630892,3.0
IL33,CHEMBL4630890,3.0
DLL3,CHEMBL4630888,3.0
GAS6,CHEMBL4804247,3.0
SELP,CHEMBL5378,3.0
MAP3K5,CHEMBL5285,3.0
ERBB3,CHEMBL5838,3.0
SLC22A12,CHEMBL6120,3.0
BCL2L10,CHEMBL5988,3.0
NT5E,CHEMBL5957,3.0
KDM1A,CHEMBL6136,3.0
BCL2A1,CHEMBL6044,3.0
DGAT1,CHEMBL6009,3.0
SMO,CHEMBL5971,3.0
FCGRT,CHEMBL5966,3.0
TAAR1,CHEMBL5857,3.0
PROS1,CHEMBL5498501,3.0
GLP2R,CHEMBL5844,3.0
TLR9,CHEMBL5804,3.0
BTK,CHEMBL5251,3.0
EGLN1,CHEMBL5697,3.0
CCR9,CHEMBL5815,3.0
GMPS,CHEMBL5721,3.0
FASLG,CHEMBL5714,3.0
HGF,CHEMBL5479,3.0
NTRK3,CHEMBL5608,3.0
PTK2B,CHEMBL5469,3.0
ACVR2B,CHEMBL5466,3.0
PARP2,CHEMBL5366,3.0
TLR4,CHEMBL5255,3.0
SLC10A1,CHEMBL5287,3.0
LRP1,CHEMBL4630884,3.0
LAG3,CHEMBL4630881,3.0
SLC5A2,CHEMBL3884,3.0
IL17F,CHEMBL4630880,3.0
KCNMA1,CHEMBL4304,3.0
S1PR1,CHEMBL4333,3.0
CFTR,CHEMBL4051,3.0
PLA2G10,CHEMBL4342,3.0
ABCB1,CHEMBL4302,3.0
ESRRG,CHEMBL4245,3.0
KCNN4,CHEMBL4305,3.0
FGFR2,CHEMBL4142,3.0
ADH5,CHEMBL4116,3.0
TNFRSF4,CHEMBL3989383,3.0
CDK5,CHEMBL4036,3.0
PPARD,CHEMBL3979,3.0
F7,CHEMBL3991,3.0
HPSE,CHEMBL3921,3.0
CCR2,CHEMBL4015,3.0
CXCR1,CHEMBL4029,3.0
SELE,CHEMBL3890,3.0
METAP2,CHEMBL3922,3.0
MAPK11,CHEMBL3961,3.0
TACSTD2,CHEMBL3856163,3.0
FCGR3A,CHEMBL3856162,3.0
HLA-DRB1,CHEMBL3831291,3.0
RPE65,CHEMBL3831182,3.0
GDF2,CHEMBL3831181,3.0
GCK,CHEMBL3820,3.0
MMP12,CHEMBL4393,3.0
P2RY2,CHEMBL4398,3.0
MMP7,CHEMBL4073,3.0
NPY5R,CHEMBL4561,3.0
HAVCR2,CHEMBL4630879,3.0
TIGIT,CHEMBL4630878,3.0
SIGLEC8,CHEMBL4630877,3.0
IFNB1,CHEMBL4630876,3.0
TRAF3IP2,CHEMBL4523586,3.0
CYP46A1,CHEMBL4523510,3.0
FFAR1,CHEMBL4422,3.0
BCL2L1,CHEMBL4625,3.0
PROC,CHEMBL4444,3.0
PTGDR,CHEMBL4427,3.0
GHSR,CHEMBL4616,3.0
TACR3,CHEMBL4429,3.0
PLA2G5,CHEMBL4323,3.0
CACNA1B,CHEMBL4478,3.0
MADCAM1,CHEMBL4467,3.0
ALOX5AP,CHEMBL4550,3.0
SIGLEC10,CHEMBL4303061,3.0
MASP2,CHEMBL4295646,3.0
MCL1,CHEMBL4361,3.0
GIPR,CHEMBL4383,3.0
CLK2,CHEMBL4225,3.0
TP53,CHEMBL4096,3.0
SCN9A,CHEMBL4296,3.0
NTSR1,CHEMBL4123,3.0
TACR1,CHEMBL249,3.0
KCNQ4,CHEMBL3576,3.0
ELANE,CHEMBL248,3.0
P2RY12,CHEMBL2001,3.0
IKBKB,CHEMBL1991,3.0
THRB,CHEMBL1947,3.0
KIT,CHEMBL1936,3.0
ADRB3,CHEMBL246,3.0
IGF1R,CHEMBL1957,3.0
CD3E,CHEMBL1975,3.0
VKORC1,CHEMBL1930,3.0
CSF3R,CHEMBL1996,3.0
PDGFRB,CHEMBL1913,3.0
PPIA,CHEMBL1949,3.0
TXNRD1,CHEMBL1927,3.0
HTR1A,CHEMBL214,3.0
DHODH,CHEMBL1966,3.0
GCGR,CHEMBL1985,3.0
PTGIR,CHEMBL1995,3.0
PTGFR,CHEMBL1987,3.0
HRH2,CHEMBL1941,3.0
GABRA1,CHEMBL1962,3.0
VDR,CHEMBL1977,3.0
NR3C2,CHEMBL1994,3.0
INSR,CHEMBL1981,3.0
TYMS,CHEMBL1952,3.0
FLT4,CHEMBL1955,3.0
FLT3,CHEMBL1974,3.0
SV2A,CHEMBL1998,3.0
MAP3K12,CHEMBL1908389,3.0
CXCR4,CHEMBL2107,3.0
ADRB2,CHEMBL210,3.0
RET,CHEMBL2041,3.0
SSTR3,CHEMBL2028,3.0
NR1H4,CHEMBL2047,3.0
MIF,CHEMBL2085,3.0
UGCG,CHEMBL2063,3.0
TBXA2R,CHEMBL2069,3.0
F9,CHEMBL2016,3.0
MS4A1,CHEMBL2058,3.0
OPRL1,CHEMBL2014,3.0
OXTR,CHEMBL2049,3.0
MAOB,CHEMBL2039,3.0
DRD1,CHEMBL2056,3.0
PGR,CHEMBL208,3.0
NR3C1,CHEMBL2034,3.0
ESR1,CHEMBL206,3.0
CA2,CHEMBL205,3.0
F2,CHEMBL204,3.0
EGFR,CHEMBL203,3.0
IL1B,CHEMBL1909490,3.0
KLKB1,CHEMBL2000,3.0
SERPINC1,CHEMBL1950,3.0
CSF1R,CHEMBL1844,3.0
AR,CHEMBL1871,3.0
PLG,CHEMBL1801,3.0
ABL1,CHEMBL1862,3.0
PDE5A,CHEMBL1827,3.0
IL6,CHEMBL1795129,3.0
EEF2,CHEMBL1795108,3.0
INPP5D,CHEMBL1781870,3.0
IL18,CHEMBL1741305,3.0
PGF,CHEMBL1697671,3.0
NGF,CHEMBL1649058,3.0
RXFP2,CHEMBL1628482,3.0
RXFP1,CHEMBL1293316,3.0
HSPA8,CHEMBL1275223,3.0
IL5,CHEMBL1169600,3.0
MAP3K13,CHEMBL1163124,3.0
TNFRSF10B,CHEMBL1075153,3.0
TLR3,CHEMBL1075113,3.0
GLP1R,CHEMBL1784,3.0
SSTR5,CHEMBL1792,3.0
EDNRB,CHEMBL1785,3.0
VEGFA,CHEMBL1783,3.0
IL2RA,CHEMBL1778,3.0
TPO,CHEMBL1839,3.0
TOP2A,CHEMBL1806,3.0
PLAT,CHEMBL1873,3.0
ACE,CHEMBL1808,3.0
FLT1,CHEMBL1868,3.0
CCKAR,CHEMBL1901,3.0
CASR,CHEMBL1878,3.0
MPL,CHEMBL1864,3.0
TRHR,CHEMBL1810,3.0
AKR1B1,CHEMBL1900,3.0
IGHE,CHEMBL1834,3.0
DRD5,CHEMBL1850,3.0
EPOR,CHEMBL1817,3.0
ITGAL,CHEMBL1803,3.0
ERBB2,CHEMBL1824,3.0
TNF,CHEMBL1825,3.0
HTR4,CHEMBL1875,3.0
AVPR1A,CHEMBL1889,3.0
CRHR1,CHEMBL1800,3.0
CALCR,CHEMBL1832,3.0
GNRHR,CHEMBL1855,3.0
SSTR2,CHEMBL1804,3.0
DDC,CHEMBL1843,3.0
CD33,CHEMBL1842,3.0
FKBP1A,CHEMBL1902,3.0
ADRB1,CHEMBL213,3.0
MME,CHEMBL1944,3.0
DYRK1A,CHEMBL2292,3.0
SLC6A4,CHEMBL228,3.0
CLEC4C,CHEMBL2176855,3.0
MLNR,CHEMBL2203,3.0
HMGB1,CHEMBL2311236,3.0
DRD3,CHEMBL234,3.0
SLC6A3,CHEMBL238,3.0
PPARG,CHEMBL235,3.0
AURKB,CHEMBL2185,3.0
TACR2,CHEMBL2327,3.0
TNFRSF8,CHEMBL2364161,3.0
HTR2A,CHEMBL224,3.0
HTR2C,CHEMBL225,3.0
ADORA1,CHEMBL226,3.0
AGTR1,CHEMBL227,3.0
FOLR1,CHEMBL2121,3.0
PTGS1,CHEMBL221,3.0
FGF1,CHEMBL2120,3.0
SLC6A9,CHEMBL2337,3.0
FTO,CHEMBL2331065,3.0
IL6R,CHEMBL2364155,3.0
OPRM1,CHEMBL233,3.0
HRH1,CHEMBL231,3.0
CD80,CHEMBL2364157,3.0
OPRK1,CHEMBL237,3.0
PTGS2,CHEMBL230,3.0
TNFSF13B,CHEMBL2364158,3.0
CTLA4,CHEMBL2364164,3.0
C5,CHEMBL2364163,3.0
SNAP25,CHEMBL2364159,3.0
PPARA,CHEMBL239,3.0
SLC6A2,CHEMBL222,3.0
DRD4,CHEMBL219,3.0
AGER,CHEMBL2176846,3.0
F10,CHEMBL244,3.0
CHRM3,CHEMBL245,3.0
CTSC,CHEMBL2252,3.0
ESR2,CHEMBL242,3.0
ACHE,CHEMBL220,3.0
CFD,CHEMBL2176771,3.0
DRD2,CHEMBL217,3.0
CNR1,CHEMBL218,3.0
CD74,CHEMBL4692,2.0
CX3CL1,CHEMBL4630883,2.0
HTR1B,CHEMBL1898,2.0
CACNA1A,CHEMBL4266,2.0
OSMR,CHEMBL4630885,2.0
RGMA,CHEMBL4630886,2.0
SEMA4D,CHEMBL4630887,2.0
IMPDH1,CHEMBL1822,2.0
EREG,CHEMBL4662939,2.0
TGFA,CHEMBL4662938,2.0
GPC3,CHEMBL4630889,2.0
TEK,CHEMBL4128,2.0
GP1BA,CHEMBL4630891,2.0
HDAC3,CHEMBL1829,2.0
EPHX2,CHEMBL2409,2.0
C5AR1,CHEMBL2373,2.0
GAA,CHEMBL2608,2.0
HRH3,CHEMBL264,2.0
KIR3DL2,CHEMBL4630895,2.0
FZD1,CHEMBL2346493,2.0
ECE1,CHEMBL4791,2.0
CASP1,CHEMBL4801,2.0
PPP2CA,CHEMBL4703,2.0
NOTCH1,CHEMBL2146346,2.0
PNLIP,CHEMBL1812,2.0
F2RL3,CHEMBL4691,2.0
FCER2,CHEMBL2940,2.0
CD14,CHEMBL2384897,2.0
HDAC6,CHEMBL1865,2.0
AGTR2,CHEMBL4607,2.0
SCN2A,CHEMBL4187,2.0
LTA4H,CHEMBL4618,2.0
OPRD1,CHEMBL236,2.0
KIF11,CHEMBL4581,2.0
LGALS3,CHEMBL4531,2.0
TGFBR1,CHEMBL4439,2.0
SLC34A2,CHEMBL4295685,2.0
PTGER4,CHEMBL1836,2.0
NOS2,CHEMBL4481,2.0
SIRT1,CHEMBL4506,2.0
HTR2B,CHEMBL1833,2.0
PTGER1,CHEMBL1811,2.0
MMP13,CHEMBL280,2.0
SOAT2,CHEMBL4465,2.0
MMP8,CHEMBL4588,2.0
GSK3A,CHEMBL2850,2.0
TLR2,CHEMBL4163,2.0
GRM4,CHEMBL2736,2.0
RAF1,CHEMBL1906,2.0
MC3R,CHEMBL4644,2.0
TBXAS1,CHEMBL1835,2.0
EGLN2,CHEMBL3028,2.0
PTGER2,CHEMBL1881,2.0
ITGA4,CHEMBL278,2.0
TLR5,CHEMBL2176839,2.0
CHEK1,CHEMBL4630,2.0
FOLH1,CHEMBL1892,2.0
UTRN,CHEMBL4523230,2.0
SLC39A6,CHEMBL4523581,2.0
SPHK2,CHEMBL3023,2.0
PDE10A,CHEMBL4409,2.0
STING1,CHEMBL4523377,2.0
MGLL,CHEMBL4191,2.0
SSTR4,CHEMBL1853,2.0
CACNA1H,CHEMBL1859,2.0
P2RX7,CHEMBL4805,2.0
GUCY2C,CHEMBL1795197,2.0
MAPT,CHEMBL1293224,2.0
PORCN,CHEMBL1255163,2.0
TPH1,CHEMBL5689,2.0
GPR119,CHEMBL5652,2.0
ENPP3,CHEMBL5580,2.0
TRPV3,CHEMBL5522,2.0
NOX1,CHEMBL1287628,2.0
HNF4A,CHEMBL5398,2.0
FCGR1A,CHEMBL5349,2.0
ROS1,CHEMBL5568,2.0
NOX4,CHEMBL1250375,2.0
CLCN2,CHEMBL1628478,2.0
RIPK1,CHEMBL5464,2.0
MERTK,CHEMBL5331,2.0
APLNR,CHEMBL1628481,2.0
ACVRL1,CHEMBL5311,2.0
FFAR2,CHEMBL5493,2.0
CHEK2,CHEMBL2527,2.0
SLC22A6,CHEMBL1641347,2.0
MAG,CHEMBL5807,2.0
APEX1,CHEMBL5619,2.0
ERVW-1,CHEMBL4662944,2.0
ADORA2B,CHEMBL255,2.0
PTH1R,CHEMBL1793,2.0
LEPR,CHEMBL5913,2.0
DKK1,CHEMBL6024,2.0
BIRC5,CHEMBL5989,2.0
PTAFR,CHEMBL250,2.0
CNR2,CHEMBL253,2.0
LIPF,CHEMBL1796,2.0
TLR7,CHEMBL5936,2.0
TRPA1,CHEMBL6007,2.0
CD40,CHEMBL1250358,2.0
MC4R,CHEMBL259,2.0
PKLR,CHEMBL1075126,2.0
TRPM8,CHEMBL1075319,2.0
KCNH2,CHEMBL240,2.0
TLR8,CHEMBL5805,2.0
GSK3B,CHEMBL262,2.0
TSPO,CHEMBL5742,2.0
EGLN3,CHEMBL5705,2.0
WEE1,CHEMBL5491,2.0
SLC22A8,CHEMBL1641348,2.0
CDC7,CHEMBL5443,2.0
APCS,CHEMBL4929,2.0
BRAF,CHEMBL5145,2.0
GABBR2,CHEMBL5034,2.0
SPP1,CHEMBL1741309,2.0
SCN11A,CHEMBL5167,2.0
SCN3A,CHEMBL5163,2.0
SLC5A1,CHEMBL4979,2.0
NAMPT,CHEMBL1744525,2.0
PDPK1,CHEMBL2534,2.0
PRMT5,CHEMBL1795116,2.0
POLR2A,CHEMBL1641353,2.0
AKT3,CHEMBL4816,2.0
AKT1,CHEMBL4282,2.0
NPY4R,CHEMBL4877,2.0
HCRTR1,CHEMBL5113,2.0
IL21,CHEMBL4665586,2.0
TGFB1,CHEMBL1795178,2.0
ALCAM,CHEMBL4665584,2.0
POLR3A,CHEMBL4665582,2.0
NLRP3,CHEMBL1741208,2.0
CYP26A1,CHEMBL5141,2.0
C3,CHEMBL4917,2.0
TREM1,CHEMBL1697674,2.0
SCN10A,CHEMBL5451,2.0
SCN8A,CHEMBL5202,2.0
CCL2,CHEMBL1649052,2.0
LY75,CHEMBL4804258,2.0
CTAG1B,CHEMBL4804257,2.0
CTAG1A,CHEMBL4804257,2.0
CCR1,CHEMBL2413,2.0
LILRA4,CHEMBL4804246,2.0
EFNB2,CHEMBL4804245,2.0
MARCKS,CHEMBL4804244,2.0
ITGA2,CHEMBL4998,2.0
CD28,CHEMBL5191,2.0
NRP1,CHEMBL5174,2.0
LGALS1,CHEMBL4915,2.0
MAP3K8,CHEMBL4899,2.0
PPP2CB,CHEMBL2435,2.0
AXL,CHEMBL4895,2.0
PNP,CHEMBL4338,2.0
CHRM1,CHEMBL216,2.0
GABRB3,CHEMBL1847,2.0
EGR1,CHEMBL3616355,2.0
PTHLH,CHEMBL3712869,2.0
AFP,CHEMBL3712864,2.0
ICAM3,CHEMBL3712862,2.0
DHFR,CHEMBL202,2.0
TNC,CHEMBL3712856,2.0
VIM,CHEMBL3712854,2.0
ICAM1,CHEMBL3070,2.0
TNFRSF12A,CHEMBL3712850,2.0
AGT,CHEMBL3596085,2.0
MSLN,CHEMBL3712878,2.0
MAPKAPK5,CHEMBL3094,2.0
ADRA1A,CHEMBL229,2.0
DBH,CHEMBL3102,2.0
GRM5,CHEMBL3227,2.0
RARA,CHEMBL2055,2.0
COMT,CHEMBL2023,2.0
TRPV4,CHEMBL3119,2.0
ITGB2,CHEMBL3631,2.0
CD200,CHEMBL3712870,2.0
CD276,CHEMBL3712879,2.0
LTA,CHEMBL2059,2.0
HTR7,CHEMBL3155,2.0
GPNMB,CHEMBL3712919,2.0
DLL4,CHEMBL3712916,2.0
IL22,CHEMBL3712915,2.0
TNFSF14,CHEMBL3712914,2.0
CD70,CHEMBL3712913,2.0
KIR2DL1,CHEMBL3712912,2.0
TGFB3,CHEMBL3712903,2.0
PRKDC,CHEMBL3142,2.0
SDC1,CHEMBL3712898,2.0
CD37,CHEMBL3712880,2.0
RTN4,CHEMBL3712895,2.0
HRH4,CHEMBL3759,2.0
UTS2R,CHEMBL3764,2.0
IL4,CHEMBL3712894,2.0
CD5,CHEMBL3712888,2.0
TYRP1,CHEMBL3712886,2.0
HDAC8,CHEMBL3192,2.0
PIKFYVE,CHEMBL1938222,2.0
ADAM17,CHEMBL3706,2.0
PRKCE,CHEMBL3582,2.0
GLS,CHEMBL2146302,2.0
GP6,CHEMBL3308912,2.0
PIK3CB,CHEMBL3145,2.0
MAPK3,CHEMBL3385,2.0
STS,CHEMBL3559,2.0
IDH1,CHEMBL2007625,2.0
TXN,CHEMBL2010624,2.0
SERPINE1,CHEMBL3475,2.0
VWF,CHEMBL2021748,2.0
ADM,CHEMBL2062356,2.0
CHRM2,CHEMBL211,2.0
PTPRC,CHEMBL3243,2.0
CCL11,CHEMBL3286077,2.0
CXCL12,CHEMBL3286074,2.0
IFNG,CHEMBL3286073,2.0
POLR1A,CHEMBL3286067,2.0
CD44,CHEMBL3232692,2.0
KLK3,CHEMBL2099,2.0
IGF1,CHEMBL3217394,2.0
HDAC1,CHEMBL325,2.0
TNFRSF10A,CHEMBL3551,2.0
GRIA1,CHEMBL2009,2.0
CCND1,CHEMBL3610,2.0
FZD5,CHEMBL3559687,2.0
CD2,CHEMBL2040,2.0
PIK3CG,CHEMBL3267,2.0
CSNK2A1,CHEMBL3629,2.0
RXRA,CHEMBL2061,2.0
HDAC11,CHEMBL3310,2.0
MAS1,CHEMBL3559701,2.0
FZD8,CHEMBL3559689,2.0
FZD7,CHEMBL3559688,2.0
FZD2,CHEMBL3559686,2.0
CYP3A4,CHEMBL340,2.0
SLAMF7,CHEMBL3559386,2.0
PPP5C,CHEMBL3425389,2.0
ASGR1,CHEMBL2084,2.0
NOTCH2,CHEMBL3407320,2.0
NOTCH3,CHEMBL3407319,2.0
GABBR1,CHEMBL2064,2.0
AOC3,CHEMBL3437,2.0
PDE9A,CHEMBL3535,2.0
IL10,CHEMBL3712920,2.0
GPA33,CHEMBL3712927,2.0
IL9,CHEMBL3712932,2.0
GRIA2,CHEMBL4016,2.0
LYN,CHEMBL3905,2.0
ATP2A2,CHEMBL3901,2.0
FAAH,CHEMBL2243,2.0
MAPK1,CHEMBL4040,2.0
AVPR1B,CHEMBL1921,2.0
XDH,CHEMBL1929,2.0
GSTP1,CHEMBL3902,2.0
PIK3CA,CHEMBL4005,2.0
JAK3,CHEMBL2148,2.0
CASP9,CHEMBL2273,2.0
F2R,CHEMBL3974,2.0
LTB4R,CHEMBL3911,2.0
NPY2R,CHEMBL4018,2.0
GBA1,CHEMBL2179,2.0
GFRA1,CHEMBL3833481,2.0
KIR2DL2,CHEMBL3833441,2.0
ABCC1,CHEMBL3004,2.0
IL1R1,CHEMBL1959,2.0
FGFR4,CHEMBL3973,2.0
HTR1D,CHEMBL1983,2.0
TPBG,CHEMBL3712934,2.0
BDKRB1,CHEMBL4308,2.0
ADA,CHEMBL1910,2.0
ADAMTS5,CHEMBL2285,2.0
MST1R,CHEMBL2689,2.0
HSD11B1,CHEMBL4235,2.0
SELPLG,CHEMBL4183,2.0
MAPK9,CHEMBL4179,2.0
MAPK8,CHEMBL2276,2.0
ALOX5,CHEMBL215,2.0
PTPRB,CHEMBL2706,2.0
MAP3K1,CHEMBL3956,2.0
TYR,CHEMBL1973,2.0
CCKBR,CHEMBL298,2.0
CMA1,CHEMBL4068,2.0
MAOA,CHEMBL1951,2.0
CSF1,CHEMBL3989382,2.0
TTK,CHEMBL3983,2.0
CTSS,CHEMBL2954,2.0
GART,CHEMBL3972,2.0
CD52,CHEMBL1912,2.0
HCAR2,CHEMBL3785,2.0
PLK4,CHEMBL3788,2.0
LINGO1,CHEMBL3712965,2.0
IFNA13,CHEMBL3713007,2.0
IFNA1,CHEMBL3713007,2.0
BDKRB2,CHEMBL3157,2.0
RHD,CHEMBL3712996,2.0
TNFRSF18,CHEMBL3712995,2.0
IL3RA,CHEMBL3712987,2.0
CD248,CHEMBL3712975,2.0
EGFL7,CHEMBL3712972,2.0
CXCL10,CHEMBL3712964,2.0
ADRA2C,CHEMBL1916,2.0
PSCA,CHEMBL3712961,2.0
IGF2,CHEMBL3712957,2.0
STEAP1,CHEMBL3712956,2.0
GRIK1,CHEMBL1918,2.0
IL15,CHEMBL3712954,2.0
PDGFRA,CHEMBL2007,2.0
ICOSLG,CHEMBL3712949,2.0
NCAM1,CHEMBL3712938,2.0
SCN5A,CHEMBL1980,2.0
TNFSF12,CHEMBL3713023,2.0
KIR2DL3,CHEMBL3713026,2.0
TFPI,CHEMBL3713062,2.0
PRKCD,CHEMBL2996,2.0
IRAK4,CHEMBL3778,2.0
CXCL8,CHEMBL2157,2.0
PTPN11,CHEMBL3864,2.0
MMP14,CHEMBL3869,2.0
LPAR1,CHEMBL3819,2.0
PLA2G4A,CHEMBL3816,2.0
CASP8,CHEMBL3776,2.0
GABRA3,CHEMBL3026,2.0
GPR84,CHEMBL3714079,2.0
LOXL2,CHEMBL3714029,2.0
NPR1,CHEMBL1988,2.0
CR1,CHEMBL3713643,2.0
SOAT1,CHEMBL2782,2.0
IL20,CHEMBL3713449,2.0
HDAC2,CHEMBL1937,2.0
CD27,CHEMBL3713333,2.0
SNCA,CHEMBL6152,2.0
